species,sample,treat,plant_g,comp,arth_mg,arth_abun,herb_mg,herb_abun,herb_mg_dens,herb_abun_dens,pred_herb,var
ARCA,ARCA1,C,791,11,15.26462589,17,7.041447938,15,0.008901957,0.018963338,0.133333333,C
ARCA,ARCA10,C,904,7,10.6080982,42,8.083702011,39,0.008942148,0.043141593,0.076923077,C
ARCA,ARCA14,C,565,6,26.45825226,43,13.46647226,30,0.023834464,0.053097345,0.433333333,C
ARCA,ARCA5,C,565,10,15.98180982,25,7.393299121,18,0.013085485,0.031858407,0.388888889,C
ARCA,ARCA8,C,791,11,15.42196634,26,8.320519406,21,0.010518988,0.026548673,0.238095238,C
ARCA,ARCA3,T,678,8,16.00933729,43,13.73058413,42,0.020251599,0.061946903,0.023809524,DD
ARCA,ARCA4,T,791,7,23.56317903,20,13.43768605,17,0.016988225,0.021491783,0.176470588,DD
ARCA,ARCA7,T,1017,12,27.31007487,20,11.21422233,14,0.011026767,0.013765978,0.428571429,DD
ARCA,ARCA11,T,1130,12,24.36557512,36,14.12623916,33,0.012501097,0.02920354,0.090909091,ID
ARCA,ARCA2,T,678,9,27.19188683,19,27.19188683,19,0.040106028,0.028023599,0,ID
ARCA,ARCA6,T,904,10,16.37929921,28,11.8457999,26,0.013103761,0.028761062,0.076923077,ID
ARCA,ARCA9,T,791,6,13.83603088,21,12.29060614,17,0.015538061,0.021491783,0.235294118,ID
ARDO,ARDO10,C,418.68,3,21.40086203,26,16.91502445,22,0.040400842,0.052546097,0.181818182,C
ARDO,ARDO11,C,348.9,6,17.2607289,25,13.98314131,21,0.040077791,0.060189166,0.19047619,C
ARDO,ARDO13,C,279.12,5,15.04335126,21,12.76009187,18,0.045715434,0.064488392,0.166666667,C
ARDO,ARDO8,C,628.02,3,15.88087965,26,15.61602596,25,0.024865491,0.039807649,0.04,C
ARDO,ARDO9,C,628.02,4,18.91279867,28,6.907197889,24,0.010998372,0.038215343,0.166666667,C
ARDO,ARDO12,T,279.12,8,19.79788358,42,19.79788358,42,0.070929649,0.150472915,0,DD
ARDO,ARDO5,T,279.12,3,5.721497093,16,5.721497093,16,0.020498342,0.057323015,0,DD
ARDO,ARDO7,T,418.68,2,18.16642331,14,6.194272871,11,0.014794767,0.026273049,0.272727273,DD
ARDO,ARDO1,T,279.12,3,46.69146979,52,36.94953685,47,0.132378679,0.168386357,0.106382979,ID
ARDO,ARDO3,T,488.46,8,37.05871796,47,32.47827913,42,0.066491175,0.085984523,0.119047619,ID
ARDO,ARDO4,T,558.24,2,31.3473817,49,20.68175857,46,0.037048149,0.082401834,0.065217391,ID
ARDO,ARDO6,T,488.46,3,9.454801674,20,4.212676404,14,0.008624404,0.028661508,0.428571429,ID
ENCA,ENCA10,C,703.68,12,1.147335091,6,1.147335091,6,0.001630478,0.008526603,0,C
ENCA,ENCA11,C,527.76,6,6.655726204,17,6.045149414,16,0.011454353,0.030316811,0.0625,C
ENCA,ENCA2,C,703.68,8,8.220877084,18,4.139162974,13,0.005882167,0.018474307,0.384615385,C
ENCA,ENCA4,C,615.72,12,18.34113352,36,15.86368442,33,0.025764446,0.05359579,0.090909091,C
ENCA,ENCA5,C,439.8,15,12.29856971,24,9.953955633,21,0.022632914,0.047748977,0.142857143,C
ENCA,ENCA7,C,659.7,7,19.36359818,21,16.2762655,19,0.024672223,0.02880097,0.105263158,C
ENCA,ENCA1,T,219.9,6,16.16823712,21,8.42361428,17,0.038306568,0.077307867,0.235294118,DD
ENCA,ENCA3,T,615.72,10,14.97612225,22,12.1258452,21,0.019693765,0.034106412,0.047619048,DD
ENCA,ENCA6,T,527.76,8,15.29775714,17,4.534166415,14,0.008591342,0.026527209,0.214285714,DD
ENCA,ENCA12,T,263.88,4,16.41923605,17,4.945702205,14,0.01874224,0.053054419,0.214285714,ID
ENCA,ENCA14,T,175.92,5,2.035322782,7,2.035322782,7,0.011569593,0.039790814,0,ID
ENCA,ENCA8,T,791.64,7,33.06396294,26,26.59201606,23,0.033591047,0.02905361,0.130434783,ID
ENCA,ENCA9,T,791.64,10,35.52686581,29,28.36915902,23,0.035835934,0.02905361,0.260869565,ID
ERFA,ERFA1,C,564.59,14,19.77936298,30,14.67315861,28,0.025989052,0.04959351,0.071428571,C
ERFA,ERFA4,C,434.3,25,7.812044796,28,5.992565447,22,0.013798217,0.050656228,0.272727273,C
ERFA,ERFA5,C,608.02,16,10.99758805,25,4.625745547,19,0.007607884,0.031248972,0.315789474,C
ERFA,ERFA7,C,955.46,35,12.28872546,30,8.566712155,26,0.00896606,0.027212024,0.153846154,C
ERFA,ERFA9,C,825.17,24,11.69845016,28,6.692263604,21,0.008110163,0.025449301,0.333333333,C
ERFA,ERFA10,T,477.73,21,24.82672138,33,10.13534317,24,0.021215631,0.050237582,0.375,DD
ERFA,ERFA2,T,608.02,16,16.15382839,45,3.947469672,37,0.006492335,0.060853261,0.216216216,DD
ERFA,ERFA3,T,477.73,24,2.583598082,17,2.583598082,17,0.005408072,0.035584954,0,DD
ERFA,ERFA8,T,1042.32,30,7.608032986,28,5.329279831,27,0.005112902,0.025903753,0.037037037,DD
ERFA,ERFA11,T,651.45,20,10.40507822,31,5.163251196,27,0.007925783,0.041446005,0.148148148,ID
ERFA,ERFA12,T,651.45,14,10.95376379,34,7.520427743,28,0.011544137,0.042981042,0.214285714,ID
ERFA,ERFA13,T,304.01,14,8.686476239,20,4.132820551,15,0.013594357,0.049340482,0.333333333,ID
ERFA,ERFA6,T,477.73,18,16.92617483,28,12.13822165,25,0.025408121,0.052330814,0.12,ID
ERPA,ERPA10,C,847.25,25,8.013426931,14,4.055799222,11,0.004787016,0.012983181,0.272727273,C
ERPA,ERPA2,C,610.02,18,2.36830184,6,2.36830184,6,0.003882335,0.009835743,0,C
ERPA,ERPA4,C,847.25,30,15.29631684,20,12.53143167,17,0.014790713,0.020064916,0.176470588,C
ERPA,ERPA6,C,305.01,22,2.36813861,12,2.36813861,12,0.007764134,0.039342972,0,C
ERPA,ERPA8,C,982.81,90,25.17285736,29,17.56617087,24,0.017873415,0.024419776,0.208333333,C
ERPA,ERPA12,T,643.91,11,9.646746348,18,5.85101329,14,0.009086694,0.021742169,0.285714286,DD
ERPA,ERPA5,T,813.36,31,20.20153765,39,6.656250754,29,0.008183647,0.035654569,0.344827586,DD
ERPA,ERPA7,T,1152.26,20,22.00150378,26,5.222371316,19,0.004532286,0.016489334,0.368421053,DD
ERPA,ERPA1,T,542.24,30,8.965558631,7,8.032585115,6,0.014813708,0.011065211,0.166666667,ID
ERPA,ERPA11,T,508.35,18,2.396299791,16,1.127324633,13,0.002217615,0.025572932,0.230769231,ID
ERPA,ERPA13,T,948.92,15,9.309874677,27,7.521104163,25,0.007925962,0.02634574,0.08,ID
ERPA,ERPA3,T,542.24,25,30.58047191,23,22.44763875,17,0.041397976,0.031351431,0.352941176,ID
ISME,ISME10,C,779.52,19,35.49519569,21,35.49519569,21,0.045534682,0.026939655,0,C
ISME,ISME11,C,974.4,10,39.86336896,33,38.41769302,31,0.039427025,0.03181445,0.064516129,C
ISME,ISME12,C,1364.16,24,20.40744717,35,19.2815049,32,0.014134343,0.023457659,0.09375,C
ISME,ISME13,C,779.52,11,23.23633884,25,23.23633884,25,0.029808522,0.032071018,0,C
ISME,ISME9,C,1071.84,25,25.84534672,25,24.81994188,23,0.023156387,0.021458427,0.086956522,C
ISME,ISME1,T,876.96,17,16.05948352,15,13.9812461,12,0.015942855,0.013683634,0.25,DD
ISME,ISME6,T,584.64,14,25.81198088,32,25.81198088,32,0.044150214,0.054734537,0,ID
ISME,ISME7,T,1169.28,21,12.27690423,15,10.17805152,13,0.008704546,0.011117953,0.153846154,DD
ISME,ISME8,T,682.08,11,37.25076762,28,33.73039303,23,0.049452253,0.033720385,0.217391304,DD
ISME,ISME2,T,779.52,17,12.74780846,18,5.865478893,13,0.007524475,0.016676929,0.384615385,ID
ISME,ISME3,T,876.96,14,24.67618131,10,18.93261724,8,0.021588918,0.009122423,0.25,ID
ISME,ISME4,T,1071.84,15,14.60256448,19,10.51917725,16,0.00981413,0.014927601,0.1875,ID
ISME,ISME5,T,876.96,14,16.78684077,16,8.771653304,13,0.010002341,0.014823937,0.230769231,DD
LUAL,LUAL2,C,505.52,12,16.63146256,27,8.411979476,24,0.016640251,0.047475866,0.125,C
LUAL,LUAL3,C,379.14,5,6.524804541,15,5.747248429,13,0.015158644,0.034288126,0.153846154,C
LUAL,LUAL5,C,315.95,5,3.198809844,16,2.761670472,15,0.008740847,0.047475866,0.066666667,C
LUAL,LUAL8,C,568.71,9,8.025092022,9,8.025092022,9,0.014111044,0.015825289,0,C
LUAL,LUAL9,C,821.47,5,10.97885662,28,10.36827983,27,0.012621617,0.032867908,0.037037037,C
LUAL,LUAL1,T,252.76,4,19.66984722,35,16.85567186,31,0.066686469,0.122645988,0.129032258,DD
LUAL,LUAL12,T,758.28,11,32.56450744,51,23.47180868,44,0.030954013,0.058026059,0.159090909,DD
LUAL,LUAL6,T,379.14,3,18.07485691,23,12.55286557,19,0.033108787,0.050113415,0.210526316,DD
LUAL,LUAL7,T,631.9,4,34.88236854,39,18.99067655,29,0.030053294,0.045893338,0.344827586,DD
LUAL,LUAL10,T,505.52,7,10.69117507,9,10.37332138,7,0.020520101,0.013847128,0.285714286,ID
LUAL,LUAL11,T,505.52,5,42.68645437,41,30.59635311,34,0.060524516,0.067257477,0.205882353,ID
LUAL,LUAL13,T,631.9,10,22.98122841,36,22.83553246,35,0.03613789,0.055388511,0.028571429,ID
LUAL,LUAL4,T,505.52,7,4.853135983,16,0.80625938,14,0.001594911,0.027694255,0.142857143,ID
SAAP,SAAP12,C,860.22,8,10.45660383,21,9.943901413,20,0.011559719,0.023249866,0.05,C
SAAP,SAAP2,C,764.64,7,16.94386529,38,14.61777914,35,0.019117204,0.045773174,0.085714286,C
SAAP,SAAP4,C,1624.86,13,20.21293594,37,15.74371552,34,0.009689275,0.02092488,0.088235294,C
SAAP,SAAP6,C,1146.96,9,14.42427643,31,12.86058731,28,0.01121276,0.02441236,0.107142857,C
SAAP,SAAP8,C,573.48,8,3.036565578,6,3.036565578,6,0.005294981,0.01046244,0,C
SAAP,SAAP1,T,1433.7,12,47.67420412,37,23.87798558,31,0.016654799,0.021622376,0.193548387,DD
SAAP,SAAP15,T,764.64,8,40.90589527,38,17.77535892,26,0.023246703,0.034002929,0.461538462,DD
SAAP,SAAP3,T,1146.96,14,64.31433058,52,31.32534448,37,0.027311628,0.03225919,0.405405405,DD
SAAP,SAAP5,T,716.85,17,7.737926668,19,7.737926668,19,0.010794346,0.026504848,0,DD
SAAP,SAAP10,T,1529.28,13,33.64024412,73,28.74964289,69,0.018799463,0.045119272,0.057971014,ID
SAAP,SAAP11,T,1146.96,10,49.81187386,46,49.4584005,45,0.043121295,0.039234149,0.022222222,ID
SAAP,SAAP7,T,860.22,11,36.80966976,33,26.84885468,27,0.031211614,0.03138732,0.222222222,ID
SAAP,SAAP9,T,955.8,6,23.60328951,22,22.28408027,21,0.023314585,0.021971124,0.047619048,ID
SAME,SAME11,C,753,8,7.38196921,13,5.936293272,11,0.007883524,0.014608234,0.181818182,C
SAME,SAME2,C,627.5,6,4.304885369,10,4.304885369,10,0.006860375,0.015936255,0,C
SAME,SAME6,C,439.25,4,14.39793197,16,14.39793197,16,0.032778445,0.036425726,0,C
SAME,SAME8,C,NA,6,3.391640968,12,3.391640968,12,NA,NA,0,C
SAME,SAME9,C,439.25,6,5.644283239,9,5.644283239,9,0.01284982,0.020489471,0,C
SAME,SAME10,T,502,4,10.41884582,24,2.403540343,18,0.004787929,0.035856574,0.333333333,DD
SAME,SAME14,T,376.5,14,22.21618956,19,10.86988527,14,0.028870877,0.037184595,0.357142857,DD
SAME,SAME3,T,502,4,12.02856593,17,5.164351168,13,0.010287552,0.025896414,0.307692308,DD
SAME,SAME4,T,627.5,4,23.72825275,42,14.37674115,36,0.022911141,0.057370518,0.166666667,DD
SAME,SAME1,T,376.5,5,12.92980115,12,10.55110091,10,0.028024172,0.026560425,0.2,ID
SAME,SAME12,T,502,7,12.52632239,27,8.961068551,24,0.017850734,0.047808765,0.125,ID
SAME,SAME5,T,313.75,5,9.596793241,24,7.421787007,22,0.023655098,0.070119522,0.090909091,ID
SAME,SAME7,T,439.25,8,5.628688768,14,4.085138462,12,0.009300258,0.027319294,0.166666667,ID